date,author,content
2026-03-04,Sarah Chen,Started planning the Clerk migration. Created tickets AUTH-230 through AUTH-245 for the migration checklist.
2026-03-05,Kai Rivera,Set up staging environment for Clerk integration testing. Deployed test instance of auth-service with Clerk SDK.
2026-03-06,Priya Sharma,Working on frontend auth components. Replacing Auth0 Lock widget with Clerk SignIn component.
2026-03-07,Sarah Chen,Completed Clerk webhook integration for user sync. All existing users migrated to Clerk in staging.
2026-03-10,Kai Rivera,PostgreSQL migration planning. Estimated 4-hour maintenance window needed for the cutover.
2026-03-11,Priya Sharma,Frontend performance audit. Found 3 components re-rendering unnecessarily. Added React.memo wrappers.
2026-03-12,Sarah Chen,Reviewed Clerk production pricing. Confirmed free tier covers our MAU. Enterprise features available if needed.
2026-03-13,Kai Rivera,Load testing the new auth flow. Clerk handles 500 concurrent logins without issues. Auth0 was failing at 200.
2026-03-14,Priya Sharma,Deployed frontend optimizations to staging. Page load time improved from 3.2s to 1.8s on mobile.
2026-03-15,Sarah Chen,Final auth migration review. Green light from security team. Production cutover scheduled for March 20.
